"Comment","Designator","Footprint","LCSC Part #"
"0.1u","C2,C3,C4,C5,C11,C12,C13,C14","C_0603_1608Metric","C570192"
"1u","C6,C7","C_0603_1608Metric","C29936"
"4.7u","C1,C8,C9,C10","C_0603_1608Metric","C913907"
"19-237/R6GHBHC-A07/2T","D4","19-237-R6GHBHC-A01-2T","C264511"
"BAT54S","D3,D5","SOT-23","C408389"
"LTST-C195KGJRKT","D1","LTST-C195KGJRKT","C125104"
"SP0503BAHTG","D2","SOT-143","C2682275"
"MMZ1608B601CTAH0","FB1","C_0603_1608Metric","C97120"
"PJ-242D-SMT","J6,J7","PJ-242D-SMT","C381133"
"SM02B-SRSS-TB","J2","JST_SH_SM02B-SRSS-TB_1x02-1MP_P1.00mm_Horizontal","C160402"
"SMA-KWE902","J1","SMA-KWE902","C914554"
"USB-C-XKB_U262-16XN","J3","USB_C_Receptacle_XKB_U262-16XN-4BVC11","C167321"
"2N7002","Q1","SOT-23","C916396"
"BSS84","Q2","SOT-23","C668883"
"220","R6,R10,R11,R13,R14,R15,R16","R_0603_1608Metric","C22962"
"1k","R4,R9,R12","R_0603_1608Metric","C21190"
"3.3k","R5","R_0603_1608Metric","C22978"
"5.1k","R2,R7,R8","R_0603_1608Metric","C23186"
"10k","R1,R3","R_0603_1608Metric","C25804"
"SSSS211603","SW1","SSSS211603","C125040"
"CH340N","U5","SOP-8_3.9x4.9mm_P1.27mm","C2977777"
"EL357","U6,U7","EL357N-G","C6649"
"MCP73831-5-OT","U3","SOT-23-5","C424093"
"TLV70233DBVT","U4","SOT-23-5","C110287"
"TPS2112APW","U2","TSSOP-8_4.4x3mm_P0.65mm","C1524008"
