Designator,Val,Package,Mid X,Mid Y,Rotation,Layer
"D1","LTST-C195KGJRKT","LTST-C195KGJRKT",90.0000,-97.0000,180.0000,top
"D4","19-237/R6GHBHC-A07/2T","19-237-R6GHBHC-A01-2T",90.0000,-59.5000,-90.0000,top
"J2","SM02B-SRSS-TB","JST_SH_SM02B-SRSS-TB_1x02-1MP_P1.00mm_Horizontal",105.2500,-91.7500,90.0000,top
"J3","USB-C-XKB_U262-16XN","USB_C_Receptacle_XKB_U262-16XN-4BVC11",125.1285,-88.8789,270.0000,top
"J6","PJ-242D-SMT","PJ-242D-SMT",87.5000,-84.8918,0.0000,top
"J7","PJ-242D-SMT","PJ-242D-SMT",87.5000,-71.8918,0.0000,top
"SW1","SSSS211603","SSSS211603",126.5000,-78.8800,-90.0000,top
"U1","LoRa-E5","LoRa-E5",109.2274,-70.1226,45.0000,top
